{"accuracy": 0.7383863080684596, "false_negative_rate": 0.21052631578947367}