{"accuracy": 0.7396088019559902, "false_negative_rate": 0.18421052631578946}